{
	"format_version": "1.8.0",
	"animations": {
		"fly": {
			"loop": true,
			"animation_length": 1,
			"bones": {
				"bone": {
					"rotation": {
						"0.0": {
							"post": [-7.46428, 5.02128, 0.32747],
							"lerp_mode": "catmullrom"
						},
						"0.5": [0.0429, -2.47182, 0.64933],
						"1.0": [-7.46428, 5.02128, 0.32747]
					},
					"position": {
						"0.0": [0, 0, -0.75],
						"0.5": [0, 0, -0.75],
						"1.0": [0, 0, -0.75]
					}
				}
			}
		}
	}
}