{
	"format_version": "1.8.0",
	"animations": {
		"animation.model.new": {
			"loop": true,
			"animation_length": 1.45833,
			"bones": {
				"Head": {
					"rotation": {
						"0.0": {
							"vector": [15, 0, 0]
						},
						"0.4583": {
							"vector": [-37.5, 0, 0]
						},
						"0.75": {
							"vector": [-34.98329, 11.81764, 13.17171]
						},
						"1.0": {
							"vector": [-35.41534, -20.50518, -22.11338]
						},
						"1.25": {
							"vector": [7.36154, -3.50427, -1.12841]
						}
					}
				},
				"RightArm": {
					"rotation": {
						"0.0": {
							"vector": [5, 0, 0]
						},
						"0.4583": {
							"vector": [-35.14615, 24.30509, 22.26914]
						},
						"0.9583": {
							"vector": [-35.14615, 24.30509, 22.26914]
						},
						"1.25": {
							"vector": [-85, 0, 0]
						}
					}
				},
				"LeftArm": {
					"rotation": {
						"0.0": {
							"vector": [-20, 0, 0]
						},
						"0.4583": {
							"vector": [-79.47966, -37.47322, -1.53398]
						},
						"0.9583": {
							"vector": [-79.47966, -37.47322, -1.53398]
						},
						"1.25": {
							"vector": [-100, 0, 0]
						}
					}
				},
				"RightLeg": {
					"rotation": {
						"vector": [-10, 0, 0]
					}
				},
				"LeftLeg": {
					"rotation": {
						"vector": [12.5, 0, 0]
					}
				}
			}
		}
	},
	"geckolib_format_version": 2
}